Currency,Date,Closing Price (USD),24h Open (USD),24h High (USD),24h Low (USD)
ETH,2019-02-01,106.002002,105.696454,107.498873,103.063945
ETH,2019-02-02,109.28524,106.001877,109.820599,105.126168
ETH,2019-02-03,106.011807,109.285394,109.973655,104.607036
ETH,2019-02-04,106.025027,106.01163,107.788932,105.420351
ETH,2019-02-05,106.057999,106.024975,106.49671,105.173807
ETH,2019-02-06,103.360537,106.058039,106.358117,100.176556
ETH,2019-02-07,103.21,103.360671,104.693191,102.74884
ETH,2019-02-08,118.028147,103.21,121.869019,102.482069
ETH,2019-02-09,118.06,118.029216,119.745052,116.633002
ETH,2019-02-10,123.986497,118.06,124.835581,115.00076
ETH,2019-02-11,119.543827,123.985669,124.076998,118.350328
ETH,2019-02-12,120.958121,119.543825,122.24234,117.127612
ETH,2019-02-13,120.7695,120.958024,124.970897,119.69
ETH,2019-02-14,119.362947,120.770144,123.050006,118.949139
ETH,2019-02-15,120.444053,119.367958,122.997444,119.225095
ETH,2019-02-16,121.569301,120.444111,123.544319,120.443206
ETH,2019-02-17,132.334676,121.569179,134.030404,121.455854
ETH,2019-02-18,144.657942,132.334783,147.78,131.21
ETH,2019-02-19,142.85,144.658391,149.204913,142.516793
ETH,2019-02-20,147.630797,142.85,148.301935,139.641341
ETH,2019-02-21,144.222428,147.620933,148.407877,141.805071
ETH,2019-02-22,146.676951,144.222366,147.39954,142.438821
ETH,2019-02-23,157.515247,146.68,159.418366,144.96
ETH,2019-02-24,131.56,157.515414,165.577627,131.56
ETH,2019-02-25,137.54,131.56,140.935457,131.413687
ETH,2019-02-26,135.913791,137.54,137.911394,133.282382
ETH,2019-02-27,134.185804,135.908767,139.692832,125.986361
ETH,2019-02-28,134.513085,134.18583,138.845888,131.891133
ETH,2019-03-01,134.741557,134.513101,137.434723,133.863385
ETH,2019-03-02,132.254672,134.74157,135.38814,129.783781
ETH,2019-03-03,129.768664,132.254638,134.161444,127.562288
ETH,2019-03-04,125.170597,129.768686,130.227015,122.779287
ETH,2019-03-05,136.290949,125.17075,137.504573,124.844858
ETH,2019-03-06,136.979715,136.290952,140.222923,133.458585
ETH,2019-03-07,136.091034,136.979734,139.574727,134.924666
ETH,2019-03-08,132.753589,136.092955,138.455311,129.818883
ETH,2019-03-09,136.391899,132.753802,137.97,132.191614
ETH,2019-03-10,134.818179,136.39207,136.692021,133.570304
ETH,2019-03-11,131.807155,134.818201,135.364577,130.521542
ETH,2019-03-12,132.783275,131.807761,134.198261,127.705183
ETH,2019-03-13,131.178731,132.783322,132.877526,130.283994
ETH,2019-03-14,131.395581,131.178421,134.708013,128.903064
ETH,2019-03-15,135.818054,131.395552,136.779725,131.394647
ETH,2019-03-16,140.511838,135.817829,143.448519,135.817829
ETH,2019-03-17,138.054686,140.511837,140.51184,136.644511
ETH,2019-03-18,136.999741,138.054676,141.136359,135.831083
ETH,2019-03-19,137.99635,136.99987,138.628467,136.38095
ETH,2019-03-20,138.733896,137.998389,139.215937,135.471751
ETH,2019-03-21,134.464011,138.733852,139.096709,132.42403
ETH,2019-03-22,135.790851,134.464039,136.88267,134.113933
ETH,2019-03-23,136.543829,135.790866,137.526588,135.371739
ETH,2019-03-24,135.341821,136.543794,136.585448,134.241611
ETH,2019-03-25,133.005438,135.342216,136.127474,130.813214
ETH,2019-03-26,133.203784,133.005439,133.751215,131.587126
ETH,2019-03-27,139.101003,133.203773,139.630538,133.095225
ETH,2019-03-28,137.385455,139.100953,139.102427,136.788444
ETH,2019-03-29,142.836827,137.38541,143.005916,136.958812
ETH,2019-03-30,142.039764,142.829847,145.325125,140.095287
ETH,2019-03-31,141.29,142.039814,142.179825,140.275608
ETH,2019-04-01,141.138784,141.29,142.82044,139.114202
ETH,2019-04-02,164.796707,141.138904,167.29277,140.893898
ETH,2019-04-03,161.06355,164.796717,179.950664,152.104396
ETH,2019-04-04,157.592292,161.06359,164.744223,153.6
ETH,2019-04-05,166.058082,157.592291,168.414731,156.36
ETH,2019-04-06,165.366729,166.058038,173.038212,160.523073
ETH,2019-04-07,175.020433,165.366769,176.76,164.22507
ETH,2019-04-08,180.74,175.020428,187.26,174.007846
ETH,2019-04-09,175.887809,180.74,180.75,174.448156
ETH,2019-04-10,177.419209,175.882815,185.265007,170.828706
ETH,2019-04-11,164.96,177.439696,177.767997,160.723317
ETH,2019-04-12,164.310225,164.96,167.375137,159.580956
ETH,2019-04-13,163.851448,164.310223,166.095225,162.267524
ETH,2019-04-14,168.12595,163.85122,169.003962,161.727447
ETH,2019-04-15,160.360188,168.125968,169.398234,156.072328
ETH,2019-04-16,166.52,160.360187,167.911664,159.582931
ETH,2019-04-17,166.585512,166.52,168.393694,164.611436
ETH,2019-04-18,174.092375,166.581546,175.99,166.169388
ETH,2019-04-19,173.689695,174.092373,174.378593,169.516945
ETH,2019-04-20,173.671247,173.68986,177.73,170.894002
ETH,2019-04-21,169.88746,173.671251,174.151146,166.49
ETH,2019-04-22,171.523506,169.887313,173.531356,168.295484
ETH,2019-04-23,170.65,171.522609,176.806137,169.014547
ETH,2019-04-24,165.6,170.58773,170.986741,160.39
ETH,2019-04-25,152.090819,165.6,166.265901,147.125558
ETH,2019-04-26,152.986558,152.090814,155.67633,148.506995
ETH,2019-04-27,155.604578,152.985965,158.244899,152.544412
ETH,2019-04-28,153.261995,155.605772,156.37,152.568206
ETH,2019-04-29,152.323271,153.261951,154.666768,149
ETH,2019-04-30,160.109866,152.323288,160.952986,152.32328
ETH,2019-05-01,158.36,160.110126,162.75949,156.737291
ETH,2019-05-02,158.788604,158.36,160.433157,155.843141
ETH,2019-05-03,164.727206,158.791701,168.925811,157.923651
ETH,2019-05-04,161.95,164.729224,168.515856,158.35
ETH,2019-05-05,161.290036,161.95,163.367184,157.371054
ETH,2019-05-06,171.163772,161.291176,175.65189,157.827013
ETH,2019-05-07,166.3,171.163771,180.5,165.593151
ETH,2019-05-08,169.578187,166.31,171.805292,162.340248
ETH,2019-05-09,170.037231,169.578165,173.126975,165.4
ETH,2019-05-10,172.137652,170.037253,176.109568,167.6
ETH,2019-05-11,192.853985,172.137636,206.76,172.124903
ETH,2019-05-12,188.249481,192.839527,203.756656,182.840035
ETH,2019-05-13,196.337903,188.252558,208.776655,185.791304
ETH,2019-05-14,217.517287,196.337941,220.791031,195.38
ETH,2019-05-15,249.048967,217.517294,250.429992,217.341078
ETH,2019-05-16,264.650969,249.049361,280.14562,242.271557
ETH,2019-05-17,244.472687,264.64389,269.046919,223.451056
ETH,2019-05-18,234.219247,244.472683,248.361283,231.5
ETH,2019-05-19,261.138345,234.219262,264.56,232.777626
ETH,2019-05-20,252.444922,261.138339,261.143169,239.328522
ETH,2019-05-21,255.121371,252.444893,264.188523,247.84
ETH,2019-05-22,243.539075,255.114409,261.38,240.283128
ETH,2019-05-23,245.578087,243.539004,248.4,231.457754
ETH,2019-05-24,249.623398,245.571245,256,242.52
ETH,2019-05-25,251.887804,249.624911,258.618666,248.542426
ETH,2019-05-26,268.37,251.887846,270.99,246.122509
ETH,2019-05-27,271.413901,268.37,279.5,264.504923
ETH,2019-05-28,271.28829,271.414099,276.376841,265.47
ETH,2019-05-29,269.302484,271.288595,274.137964,260.338401
ETH,2019-05-30,254.483698,269.302383,288.71445,239.404922
ETH,2019-05-31,267.804004,254.463322,268.291289,245.21
ETH,2019-06-01,264.596827,267.804001,274.554157,261.481783
ETH,2019-06-02,269.42,264.596929,273.874269,264.26
ETH,2019-06-03,249.808942,269.42,270.1,247.25
ETH,2019-06-04,240.878515,249.808847,250.78307,233.845253
ETH,2019-06-05,246.211496,240.878257,248.91723,237.85
ETH,2019-06-06,249.23,246.211335,251.18,235.67
ETH,2019-06-07,249.859516,249.29,254.15,244.971662
ETH,2019-06-08,244.3,249.859424,250.768993,241.889707
ETH,2019-06-09,231.73,244.3,244.96,226.71
ETH,2019-06-10,247.792633,231.73,248.1,227.59
ETH,2019-06-11,245.214033,247.783446,248.99,237.62
ETH,2019-06-12,263.278083,245.214094,263.43,243.25
ETH,2019-06-13,255.239771,263.235546,264.42,254.461767
ETH,2019-06-14,263.815666,255.23216,266,252.726396
ETH,2019-06-15,269.222903,263.815676,273.139308,262.019294
ETH,2019-06-16,268.58,269.222897,278.79,263.463761
ETH,2019-06-17,273.74,268.58,275.517125,267.75
ETH,2019-06-18,264.362438,273.74,273.91776,261.2
ETH,2019-06-19,268.936421,264.362425,269.97,263.599094
ETH,2019-06-20,271.984579,268.93641,274.432213,266.599113
ETH,2019-06-21,296.25,271.984577,296.711042,271.984577
ETH,2019-06-22,308.400583,296.25,315.197376,293.97238
ETH,2019-06-23,306.863802,308.40102,317.957431,304.745855
ETH,2019-06-24,310.49071,306.86382,312.832136,295.7
ETH,2019-06-25,316.65269,310.490789,317.37,306.236156
ETH,2019-06-26,334.275292,316.65245,363.24106,314.53
ETH,2019-06-27,293.57,334.268713,343.240604,274.608061
ETH,2019-06-28,309.733502,293.47,312.5,289.95
ETH,2019-06-29,317.718202,309.733475,323.55,291.53425
ETH,2019-06-30,289.040985,317.71822,323.038575,286.403172
ETH,2019-07-01,293.642825,289.040985,301.28,279.039939
ETH,2019-07-02,290.687418,293.642778,295.82,271.548144
ETH,2019-07-03,302.1,290.68745,303.286202,289.771482
ETH,2019-07-04,283,302.1,303.814042,280.49071
ETH,2019-07-05,287.7622,283,294.9,280.446544
ETH,2019-07-06,287.57,287.762213,297.819304,285.65
ETH,2019-07-07,306.53968,287.57,310.605126,284.25
ETH,2019-07-08,313.505198,306.481603,314.809062,302.53
ETH,2019-07-09,307.95,313.505188,318.325166,303.26
ETH,2019-07-10,288.683864,307.95,314.65,282
ETH,2019-07-11,268.825504,288.669307,288.669307,262.59712
ETH,2019-07-12,275.524138,268.826054,279.169403,266.5
ETH,2019-07-13,269.601335,275.524038,275.801617,262.212019
ETH,2019-07-14,226.15,269.601313,269.778575,223.130259
ETH,2019-07-15,228.295057,225.89,235.3,203.289279
ETH,2019-07-16,198.526362,228.295055,234.46,190.827306
ETH,2019-07-17,211.301296,198.526362,219.8,192.556936
ETH,2019-07-18,225.9,211.301333,229.600486,206.699658
ETH,2019-07-19,221.21,225.9,226.65,213.538681
ETH,2019-07-20,228.89,221.21,235.79,220.5
ETH,2019-07-21,225.680341,228.89,229.77,217.82
ETH,2019-07-22,217.11,225.680379,228.05,211.918286
ETH,2019-07-23,211.93,217.13,219,208.57
ETH,2019-07-24,216.666969,211.93,217.94,201.061028
ETH,2019-07-25,219.16,216.666968,225.84,215.7
ETH,2019-07-26,219.45,219.16,220.55,212.85
ETH,2019-07-27,207.025221,219.45,223.797097,202.7
ETH,2019-07-28,211.05,207.038295,213.13,197.855315
ETH,2019-07-29,210.720959,211.05,214.824487,206.475788
ETH,2019-07-30,209.828624,210.722777,214.3,204.516186
ETH,2019-07-31,218.7,209.828639,218.86,209.629917
ETH,2019-08-01,217.460559,218.7,219.1,211.02
ETH,2019-08-02,217.783755,217.460842,222.666466,215.094318
ETH,2019-08-03,221.952726,217.783736,224.655526,216.485405
ETH,2019-08-04,222.914375,221.952732,223.65,217.683543
ETH,2019-08-05,232.89885,222.914368,236.7,222.884538
ETH,2019-08-06,226.042319,232.898782,239.321743,222.662654
ETH,2019-08-07,226.05,226.042313,230.98,220.465719
ETH,2019-08-08,220.97,226.05,226.42,215.032711
ETH,2019-08-09,210.271289,220.97,221.205421,206.87
ETH,2019-08-10,206.123013,210.271267,214.410413,200.986036
ETH,2019-08-11,216.28,206.122998,216.53,205.849366
ETH,2019-08-12,211.131317,216.28,216.320424,209.8
ETH,2019-08-13,208.401144,211.13128,211.184765,203.24
ETH,2019-08-14,186.12,208.401143,208.99,182.1
ETH,2019-08-15,188.112186,186.12,189.567989,173.904192
ETH,2019-08-16,185.432977,188.112112,188.124633,178.5
ETH,2019-08-17,185.576397,185.433039,186.732546,182.11
ETH,2019-08-18,194.619648,185.576397,197.887955,183.368158
ETH,2019-08-19,202.4,194.619582,203.452719,193.132937
ETH,2019-08-20,196.258782,202.4,202.6,194.722094
ETH,2019-08-21,187.17,196.258882,196.87,180.25
ETH,2019-08-22,190.9,187.17,194.932035,182.82
ETH,2019-08-23,194.595729,190.9,196.539107,188.73
ETH,2019-08-24,190.85,194.595642,194.595642,186.21
ETH,2019-08-25,186.557811,190.85,192.503409,183.153885
ETH,2019-08-26,188.354382,186.560648,194.2,185.802402
ETH,2019-08-27,187.190689,188.354351,188.95,184.7
ETH,2019-08-28,172.83,187.190693,187.908505,166.056065
ETH,2019-08-29,168.74,172.83,173.36,163.81406
ETH,2019-08-30,168.278337,168.74,170.3,165.7
ETH,2019-08-31,171.95,168.275127,174.798823,166.15
ETH,2019-09-01,171.163152,171.95,173.592121,168.128344
ETH,2019-09-02,178.796129,171.163153,181.34,170.650311
ETH,2019-09-03,178.998478,178.796191,182.925158,175.02
ETH,2019-09-04,175.02,178.998458,180.28,173.8
ETH,2019-09-05,174.07711,175.02,175.607897,170.170555
ETH,2019-09-06,169.19,174.077104,178.35,165.35
ETH,2019-09-07,178.189206,169.19,180.93523,168.606728
ETH,2019-09-08,181.487087,178.189417,184.301187,176.65
ETH,2019-09-09,180.863401,181.487082,185.728319,176.192818
ETH,2019-09-10,179.870298,180.863442,184.281177,176.84
ETH,2019-09-11,178.346002,179.870378,181.845843,174.5
ETH,2019-09-12,181.036107,178.346008,182.55,176.555526
ETH,2019-09-13,181.346106,181.036178,181.670962,177.75
ETH,2019-09-14,188.730605,181.346247,189.066896,180.397036
ETH,2019-09-15,189.423577,188.730585,190.877416,186.507487
ETH,2019-09-16,197.751846,189.423493,199.54,188.6
ETH,2019-09-17,207.843037,197.751892,215,196.3
ETH,2019-09-18,210.26,207.843037,217.219934,207.80566
ETH,2019-09-19,220.8,210.26,224.394675,202.266504
ETH,2019-09-20,218.11,220.8,221.9,212.2
ETH,2019-09-21,214.94,218.11,221.417926,213.616541
ETH,2019-09-22,211.169085,214.94,215.25,206.15
ETH,2019-09-23,200.77,211.169138,211.5,198.663322
ETH,2019-09-24,166.457851,200.77,202.572735,155.993108
ETH,2019-09-25,170.242077,166.45786,174.94,162.49
ETH,2019-09-26,165.791376,170.242043,170.8,152.478525
ETH,2019-09-27,174.184943,165.79137,177.109448,161.44
ETH,2019-09-28,173.933203,174.201447,175.8,168.685892
ETH,2019-09-29,169.414196,173.933325,174.62,164.68
ETH,2019-09-30,181.17,169.414131,181.6,165.32
ETH,2019-10-01,176.274987,181.17,185.721843,174
ETH,2019-10-02,180.91417,176.275169,181.462679,174.3
ETH,2019-10-03,174.94587,180.914146,181.089961,169.940124
ETH,2019-10-04,175.959771,174.945852,179.318568,171.148626
ETH,2019-10-05,176.42047,175.959768,176.901468,172.4
ETH,2019-10-06,170.320735,176.420468,177.05,168
ETH,2019-10-07,180.389527,170.320745,182.405366,168.91
ETH,2019-10-08,180.991751,180.389549,185.1,177.54
ETH,2019-10-09,193.639696,180.991317,195.81734,179.45124
ETH,2019-10-10,191.643918,193.641909,194.79,187.536377
ETH,2019-10-11,180.812874,191.643918,197.412463,179.62
ETH,2019-10-12,179.890735,180.812875,184.725823,177.752038
ETH,2019-10-13,181.188359,179.890228,184.65,178.85
ETH,2019-10-14,186.790345,181.188331,187.61987,180.656119
ETH,2019-10-15,180.630722,186.790344,188.332664,177.529591
ETH,2019-10-16,174.706162,180.630722,181.15,171.92641
ETH,2019-10-17,177.334649,174.706175,179.05,172.85
ETH,2019-10-18,173.020486,177.334488,177.426331,168.510392
ETH,2019-10-19,171.936237,173.020421,174.95,169.970193
ETH,2019-10-20,175.49,171.936189,176.56,169.45
ETH,2019-10-21,174.42561,175.49,177.971388,171.964738
ETH,2019-10-22,171.336781,174.425357,175.4,170.7
ETH,2019-10-23,162.49,171.336777,171.429734,153.4
ETH,2019-10-24,160.731844,162.482294,163.85,159.23
ETH,2019-10-25,181.590378,160.731838,187.55,160.655712
ETH,2019-10-26,180.082427,181.590372,198.75,174.07
ETH,2019-10-27,184.18716,180.082427,189.05,177.113831
ETH,2019-10-28,182.15,184.187133,189.85,180.943851
ETH,2019-10-29,191.110607,182.15,193,181.95
ETH,2019-10-30,183.328028,191.110598,192.058957,180.08
ETH,2019-10-31,182.62961,183.328055,185.47,178.061856
ETH,2019-11-01,183.282321,182.631252,184.729747,177.6
ETH,2019-11-02,183.085555,183.282276,185.793942,182.11
ETH,2019-11-03,181.63362,183.085551,184.893522,179.204594
ETH,2019-11-04,186.267019,181.633604,189.326508,180.563838
ETH,2019-11-05,188.74683,186.268755,192.36,182.63
ETH,2019-11-06,191.14,188.746801,194.307618,188.029852
ETH,2019-11-07,186.42,191.14,192.079809,184.4
ETH,2019-11-08,183.6,186.42,188.06,180.87
ETH,2019-11-09,184.85288,183.6,185.59,182.813139
ETH,2019-11-10,188.916175,184.852658,191.67,183.45
ETH,2019-11-11,184.646179,188.916224,189.959981,183.9
ETH,2019-11-12,186.890333,184.646234,187.13522,182.280447
ETH,2019-11-13,187.722907,186.898865,189.31,185.18
ETH,2019-11-14,184.56031,187.723062,188.22,182.937243
ETH,2019-11-15,179.835204,184.560307,186.41,177.199868
ETH,2019-11-16,182.218906,179.835221,183.145321,179.226167
ETH,2019-11-17,183.821201,182.218966,186.2,180.15
ETH,2019-11-18,177.9,183.821203,183.885966,174.41
ETH,2019-11-19,175.643208,177.9,178.041148,172.662494
ETH,2019-11-20,174.301007,175.643237,177.16,173.35
ETH,2019-11-21,160.840656,174.301112,175.33,155.981754
ETH,2019-11-22,150.04677,160.84066,162.503677,138.16
ETH,2019-11-23,151.97,150.046772,154.230918,146.58
ETH,2019-11-24,139.972229,151.97,153.02,138.903592
ETH,2019-11-25,146.341051,139.959401,151.49,131.975389
ETH,2019-11-26,147.789091,146.27997,149.75,143.75
ETH,2019-11-27,152.904493,147.789086,155.7,141.19
ETH,2019-11-28,151.004761,152.904534,154.79,149.459245
ETH,2019-11-29,154.662564,151.00475,157.506621,150.7
ETH,2019-11-30,151.78,154.662622,155.275004,150.07
ETH,2019-12-01,151.106039,151.78,152.223588,146.1
ETH,2019-12-02,148.981346,151.106005,151.422367,147
ETH,2019-12-03,147.365727,148.981334,149.95,145.81547
ETH,2019-12-04,145.440104,147.3657,152.202385,143.47
ETH,2019-12-05,147.99,145.443716,148.79,143.95
ETH,2019-12-06,148.828256,147.99,149.67,146.17
ETH,2019-12-07,147.373652,148.828256,149.7,147.270982
ETH,2019-12-08,150.651483,147.373658,151.89,146.46
ETH,2019-12-09,147.322806,150.651393,151.277095,146.69
ETH,2019-12-10,145.600111,147.322867,147.94432,143.91
ETH,2019-12-11,143.195687,145.600111,146.218512,142.12
ETH,2019-12-12,144.731653,143.195691,145.7,139.306614
ETH,2019-12-13,144.640364,144.729018,145.09,142.801223
ETH,2019-12-14,141.77,144.64036,144.947171,141.175885
ETH,2019-12-15,142.33601,141.751019,143.75,139.99
ETH,2019-12-16,132.379985,142.336012,142.49,129.553724
ETH,2019-12-17,121.75,132.379521,132.56,119.855826
ETH,2019-12-18,132.88,121.75,134.492464,116.366598
ETH,2019-12-19,128.187094,132.88,133.96,125.81
ETH,2019-12-20,128.305153,128.186854,129.16,125.914311
ETH,2019-12-21,127.109016,128.305227,128.400841,126.68
ETH,2019-12-22,132.32744,127.106744,133.074278,126.944993
ETH,2019-12-23,128.096254,132.327447,135.02,126.19
ETH,2019-12-24,127.74,128.096302,129.334256,126.68
ETH,2019-12-25,124.92175,127.74,127.74,123.2
ETH,2019-12-26,125.507634,124.921756,131.885863,124.136037
ETH,2019-12-27,126.244318,125.507657,126.556645,122.425279
ETH,2019-12-28,127.91,126.245081,129.531054,125.931535
ETH,2019-12-29,134.287506,127.91,137.61791,127.380877
ETH,2019-12-30,131.1,134.287499,135.89,130.02
ETH,2019-12-31,128.643862,131.1,133.121376,127.751768
ETH,2020-01-01,130.19,128.630572,132.6,128.202246
ETH,2020-01-02,126.730116,130.19,130.193016,126.078203
ETH,2020-01-03,133.90387,126.730115,134.5,125.555758
ETH,2020-01-04,134.123501,133.909136,135.59,132.539248
ETH,2020-01-05,135.101796,134.123488,138.261148,134.123488
ETH,2020-01-06,144.2611,135.101854,144.374903,134.930031
ETH,2020-01-07,143.165479,144.261178,145.15,139.006756
ETH,2020-01-08,140.687936,143.165406,147.91,137.193666
ETH,2020-01-09,137.861335,140.687985,141.266624,135.4
ETH,2020-01-10,144.664695,137.861027,145.047833,135.41
ETH,2020-01-11,142.629184,144.664771,147.8,142.204908
ETH,2020-01-12,146.276816,142.629921,146.280428,141.894479
ETH,2020-01-13,143.58,146.276742,146.86,142.193429
ETH,2020-01-14,166.132729,143.58,170.335974,143.57
ETH,2020-01-15,166.277461,166.121195,171.580886,159.322109
ETH,2020-01-16,164.199399,166.277492,167.13801,158.71
ETH,2020-01-17,169.85,164.199391,174,162.28
ETH,2020-01-18,174.065704,169.85,179.000494,165.06
ETH,2020-01-19,166.887218,174.065724,177.893093,161.78
ETH,2020-01-20,166.612759,166.877018,169.2,161.133858
ETH,2020-01-21,169.342875,166.612756,169.71,164.872164
ETH,2020-01-22,167.656313,169.342954,170.9,165.69
ETH,2020-01-23,162.51,167.659802,167.70552,158.954324
ETH,2020-01-24,162.307653,162.51,164.018878,155.25
ETH,2020-01-25,160.067023,162.307653,162.385158,157.648014
ETH,2020-01-26,167.403988,160.067023,167.48,159.12
ETH,2020-01-27,169.824694,167.404116,171.7,165.01
ETH,2020-01-28,176.028582,169.824672,176.185067,169.809742
ETH,2020-01-29,173.45,176.028547,178.29,173.26
ETH,2020-01-30,184.434586,173.45,186.619609,170.642105
ETH,2020-01-31,179.68,184.434457,185.306352,175
ETH,2020-02-01,183.51,179.68,183.98,179.08
ETH,2020-02-02,188.259947,183.51,193.14,179
ETH,2020-02-03,189.685495,188.259972,195,186.45
ETH,2020-02-04,188.234559,189.685433,191.24,184.5
ETH,2020-02-05,203.97917,188.234538,207.74,187.71
ETH,2020-02-06,212.923223,203.979182,216.134881,201.257347
ETH,2020-02-07,223.43,212.923221,224.263082,212.923221
ETH,2020-02-08,223.361459,223.43,227.97,213.56
ETH,2020-02-09,228.821968,223.361157,230.729154,223.25374
ETH,2020-02-10,223.08,228.821969,229.400139,217.03447
ETH,2020-02-11,237.95,223.08,239.5,217.92809
ETH,2020-02-12,266.21,237.95,275.813556,237.95
ETH,2020-02-13,268.823945,266.28,277.82,256.57
ETH,2020-02-14,286.129622,268.829159,287.55,260.17
ETH,2020-02-15,264.772102,286.096953,288.94,261.81
ETH,2020-02-16,259.062995,264.77203,273.79,237.21355
ETH,2020-02-17,267.921356,258.89,268.500366,242.62
ETH,2020-02-18,282.912948,267.921465,286.293151,259.46
ETH,2020-02-19,258.85,282.912791,286.986812,251.084213
ETH,2020-02-20,257.784147,258.85,264.002675,245.675953
ETH,2020-02-21,265.676175,257.784149,268.5,254.480978
ETH,2020-02-22,262.173629,265.676175,267.01,256.86
ETH,2020-02-23,275.73,262.172804,276.52,261.95
ETH,2020-02-24,265.754637,275.73,278,257.02
ETH,2020-02-25,246.5,265.754599,266.04,244.68
ETH,2020-02-26,223.71,246.5,249.77,215.74
ETH,2020-02-27,227.26481,223.76,238.072165,209.67
ETH,2020-02-28,227.361296,227.264803,234.39,213.9
ETH,2020-02-29,217.550678,227.361257,233.21,217.19
ETH,2020-03-01,217.5,217.550728,227.608251,212.272527
ETH,2020-03-02,231.9,217.5,234.44,215.87
ETH,2020-03-03,223.640813,231.912773,232.659209,220.235192
ETH,2020-03-04,224.48,223.640892,228.63,220.69
ETH,2020-03-05,228.64,224.48,234.278521,224.48
ETH,2020-03-06,245.697799,228.64,245.77,227.83
ETH,2020-03-07,237.549244,245.682317,252.49,236.841103
ETH,2020-03-08,199.38,237.549242,237.571782,196
ETH,2020-03-09,202.820592,199.38,208.62,189.92
ETH,2020-03-10,200.34365,202.800046,206.18,195.56
ETH,2020-03-11,194.621719,200.343608,202.98,181.88
ETH,2020-03-12,108.788152,194.621715,195.52,102.243596
ETH,2020-03-13,135.11,108.799028,144.38976,89.934452
ETH,2020-03-14,122.247768,135.11,135.3,120.844912
ETH,2020-03-15,123.384865,122.238731,133.43,120.07349
ETH,2020-03-16,110.992636,123.384947,123.71,100.83
ETH,2020-03-17,116.27,110.99264,121.01,109.77
ETH,2020-03-18,118.6,116.26,118.71,110.39
ETH,2020-03-19,136.97,118.6,143.39,115.84
ETH,2020-03-20,133.259608,136.97,153.2,116.058365
ETH,2020-03-21,132.64,133.285188,137.5,125.947201
ETH,2020-03-22,122.334253,132.64,137.128016,121.03
ETH,2020-03-23,136.54,122.334196,138,119.503427
ETH,2020-03-24,139,136.54,144,133.2
ETH,2020-03-25,136.321564,139,142.6,133.08
ETH,2020-03-26,139.01,136.305221,140.04,133.67
ETH,2020-03-27,131.568593,139.01,141.779381,130.24
ETH,2020-03-28,131.38,131.570417,133.224415,125.13
ETH,2020-03-29,124.520506,131.38,132,123.987667
ETH,2020-03-30,132.301491,124.520944,135.38,124.12
ETH,2020-03-31,133.14,132.301487,135.34,130.530592
ETH,2020-04-01,136.14,133.14,137.07,128.93
ETH,2020-04-02,141.489851,136.14,150,135.65
ETH,2020-04-03,141.417142,141.489869,146.785266,138.04
ETH,2020-04-04,144.475798,141.417365,146.62,139.21
ETH,2020-04-05,142.850971,144.475067,145.92,141.03
ETH,2020-04-06,171.65,142.84842,172.024913,142.845341
ETH,2020-04-07,164.6,171.65,176.5,162.47
ETH,2020-04-08,173.305079,164.6,174.57,163.702777
ETH,2020-04-09,170.00957,173.317436,173.511193,165.5
ETH,2020-04-10,158.096966,170.010063,170.258623,152.46
ETH,2020-04-11,158.648663,158.100248,161.443905,154.25
ETH,2020-04-12,158.764119,158.6487,165.37362,155.502322
ETH,2020-04-13,156.880921,158.764119,159.38,150.039343
ETH,2020-04-14,158.59,156.87463,162.112924,155.890526
ETH,2020-04-15,152.835437,158.59,161.41,152.2
ETH,2020-04-16,172.534874,152.835423,175.11,148.49
ETH,2020-04-17,170.873213,172.534992,175,168.56
ETH,2020-04-18,187.801609,170.873245,189.750509,170.81
ETH,2020-04-19,180.375265,187.801549,188.55,176.717352
ETH,2020-04-20,170.632509,180.375243,186.6,166.847023
ETH,2020-04-21,170.99,170.629974,174.74,168.55
ETH,2020-04-22,183.11,170.99,184.2,170.09
ETH,2020-04-23,185.67,183.11,194.15,178.52
ETH,2020-04-24,187.580423,185.66,189.91,184.988614
ETH,2020-04-25,194.503967,187.593078,198.028116,186.1
ETH,2020-04-26,197.83,194.503982,200,192.63
ETH,2020-04-27,196.78,197.83,199.33,189.87
ETH,2020-04-28,196.73,196.781604,197.89,192.632469
ETH,2020-04-29,215.618076,196.73,219.192533,196.73
ETH,2020-04-30,206.39,215.618216,227.47,202.5
ETH,2020-05-01,212.1,206.39,217.42,206.2
ETH,2020-05-02,214.166007,212.1,215.43,210.63
ETH,2020-05-03,210.071133,214.166007,219.182766,205.34
ETH,2020-05-04,206.962125,210.085722,210.754183,195.34
ETH,2020-05-05,205.552449,206.962146,212.07,201.51
ETH,2020-05-06,199.083933,205.552365,211.12,198.47
ETH,2020-05-07,212.381441,199.089879,215.16,196.99
ETH,2020-05-08,211.554791,212.383631,216.861723,207.4
ETH,2020-05-09,210.118832,211.55495,214.693907,208.49
ETH,2020-05-10,188.06,210.129524,210.132104,180.728399
ETH,2020-05-11,186.18,188.06,193.7,176.56
ETH,2020-05-12,189.799272,186.18,192.33,185.91
ETH,2020-05-13,199.827099,189.799204,201.217212,188.652837
ETH,2020-05-14,203.303872,199.837537,206.16,196
ETH,2020-05-15,194.57,203.303911,204.121646,191.64
ETH,2020-05-16,200.53,194.57,203.27,193.24
ETH,2020-05-17,206.998761,200.53,209.81,199.62
ETH,2020-05-18,214.78909,206.998891,216.95,206.998891
ETH,2020-05-19,214.642959,214.789109,215.84,209.45
ETH,2020-05-20,209.98,214.642867,215.44,206.210007
ETH,2020-05-21,198.481491,209.98,211.41,191.48
ETH,2020-05-22,207.193829,198.486403,209.28,196.25
ETH,2020-05-23,206.664819,207.193851,211.201167,204.82
ETH,2020-05-24,199.62,206.664783,210.65,199.57
ETH,2020-05-25,204.072634,199.64,205.56,198.1
ETH,2020-05-26,200.895078,204.073134,204.927312,196.81
ETH,2020-05-27,208.28,200.895111,208.412903,200.889483
ETH,2020-05-28,220.26,208.28,220.570847,204.650482
ETH,2020-05-29,220.6,220.26,224.68213,217.685625
ETH,2020-05-30,243.51343,220.6,247.080777,218.857119
ETH,2020-05-31,231.76,243.513438,245.32,229.71
ETH,2020-06-01,248.191785,231.76,251,230.62
ETH,2020-06-02,237.811822,248.200823,253.34,226.07
ETH,2020-06-03,244.54,237.74,245.01,233.47
ETH,2020-06-04,243.321834,244.54,246.5,236.369092
ETH,2020-06-05,240.070886,243.321851,247.88,239.05
ETH,2020-06-06,242.025237,240.070286,244.47,237.67
ETH,2020-06-07,244.732676,242.025269,245.424404,234.69
ETH,2020-06-08,246.56,244.7321,247.643839,241.23
ETH,2020-06-09,244,246.55,249.9,238.933865
ETH,2020-06-10,247.96,244,250.28,242.419412
ETH,2020-06-11,230.15,247.96,250.15,225.810822
ETH,2020-06-12,237.41,230.15,239.22,228.178596
ETH,2020-06-13,238.088627,237.41,238.624584,234.62
ETH,2020-06-14,231.574452,238.088627,238.346669,229.96646
ETH,2020-06-15,230.912634,231.574447,233.63,218.079041
ETH,2020-06-16,235.303604,230.912619,236,228.92
ETH,2020-06-17,233.71,235.303618,237,227.85
ETH,2020-06-18,231.242748,233.71,234.38,227.679649
ETH,2020-06-19,228.62,231.242555,231.714024,226.52
ETH,2020-06-20,228.825342,228.62,230.6,225.8
ETH,2020-06-21,227.756019,228.825351,231.07,227.1
ETH,2020-06-22,243.316031,227.767378,246.756772,227.41
ETH,2020-06-23,243.059839,243.316024,244.8,240.85
ETH,2020-06-24,234.433274,243.05999,249.040895,230.79
ETH,2020-06-25,232.35409,234.433274,235.03,227.34
ETH,2020-06-26,229.414884,232.353951,233.19,227.51
ETH,2020-06-27,220.75622,229.416114,230.983108,215.963775
ETH,2020-06-28,224.968032,220.753664,227.752768,217.88
ETH,2020-06-29,227.85,224.967912,229.82,221.19
ETH,2020-06-30,225.636164,227.915438,228.61,222.988256
ETH,2020-07-01,231.03,225.636381,232.74,224.18
ETH,2020-07-02,226.46926,231.03,232.058129,223.02
ETH,2020-07-03,225.110994,226.469257,228.15,224.41
ETH,2020-07-04,229.2,225.110993,230.65283,224.57
ETH,2020-07-05,227.96,229.2,229.89,223.58
ETH,2020-07-06,241.665481,227.96,241.97,227.190862
ETH,2020-07-07,239.16,241.665486,243.7,234.61
ETH,2020-07-08,247.041666,239.16,248.887227,237.96
ETH,2020-07-09,242.010935,247.041704,247.531174,238.04
ETH,2020-07-10,241.130364,242.015051,242.05081,235.749172
ETH,2020-07-11,239.18,241.130322,241.52,237.75598
ETH,2020-07-12,242.86095,239.17,243.83,236.8
ETH,2020-07-13,239.49,242.86095,245.152749,237.360398
ETH,2020-07-14,240.391899,239.49,241.997085,236.91
ETH,2020-07-15,238.361216,240.391894,241.287064,236.642042
ETH,2020-07-16,233.553429,238.361226,239.1,229.83
ETH,2020-07-17,232.756852,233.550175,234.42874,231.6
ETH,2020-07-18,235.814088,232.756857,236.92,232.348383
ETH,2020-07-19,239.212277,235.813941,239.83,233.41
ETH,2020-07-20,236.162502,239.210491,239.8,234.281343
ETH,2020-07-21,245.74,236.162503,246.902332,235.77
ETH,2020-07-22,264.25,245.74,269.31,241.918942
ETH,2020-07-23,275.59982,264.28,280.62,260.4
ETH,2020-07-24,279.645847,275.59981,287.619922,268.57
ETH,2020-07-25,305.657005,279.652943,309.352365,279.62
ETH,2020-07-26,311.47,305.658329,319.82326,300.48
ETH,2020-07-27,322.24,311.47,333.896634,311.432818
ETH,2020-07-28,317.455497,322.24,327.23,306.53
ETH,2020-07-29,318.200639,317.455352,325.27,313.31
ETH,2020-07-30,335.099569,318.20067,342.21,314.68
ETH,2020-07-31,346.682965,335.099568,349.69,329.01
ETH,2020-08-01,387.681273,346.682962,393.74,343.954131
ETH,2020-08-02,371.844046,387.681384,415.031063,330.04
ETH,2020-08-03,386.3,371.84404,398.1,367
ETH,2020-08-04,389.75,386.3,403,381.16
ETH,2020-08-05,401.21,389.75,407.733657,384.42
ETH,2020-08-06,395.145446,401.21,403.74,391.249651
ETH,2020-08-07,379.77,395.145611,398.41,363.97
ETH,2020-08-08,397.4,379.77,397.4,376.638806
ETH,2020-08-09,390.403796,397.4,400.35,384.428058
ETH,2020-08-10,395.812094,390.403796,399.982802,385.97
ETH,2020-08-11,378.911409,395.817321,398.3,367.039806
ETH,2020-08-12,387.198895,378.918798,389.459541,365.979965
ETH,2020-08-13,424.87,387.198899,431.525618,377.04
ETH,2020-08-14,438.62,424.87,444.340503,418.2
ETH,2020-08-15,432.78,438.62,443,428.01
ETH,2020-08-16,433.831946,432.78,436.92,413.07
ETH,2020-08-17,430.99949,433.830263,446.921871,420.674466
ETH,2020-08-18,422.447417,430.999842,434,414.91964
ETH,2020-08-19,407.43,422.447384,426.544755,394.08
ETH,2020-08-20,416.29,407.43,419.26963,402.55
ETH,2020-08-21,387.62453,416.29,418.858552,385.2
ETH,2020-08-22,395.86173,387.624498,396.780796,379.716472
ETH,2020-08-23,390.82454,395.86173,397.09,383.909879
ETH,2020-08-24,408.238452,390.824453,410.37,387.95
ETH,2020-08-25,383.31073,408.232588,409.01,370.05
ETH,2020-08-26,385.916267,383.296992,393.31,377.75
ETH,2020-08-27,383.11,385.916327,396.85,371.7
ETH,2020-08-28,395.42,383.11,398.15,380.048295
ETH,2020-08-29,398.582503,395.42,405.63,392.668314
ETH,2020-08-30,428.956846,398.582437,429.5,398.507572
ETH,2020-08-31,434.108508,428.956796,438.98,418.31
ETH,2020-09-01,475.86,434.108508,488.57987,429.74
ETH,2020-09-02,439.92,475.86,480.99,421.77
ETH,2020-09-03,382.508435,440.004199,450.733449,373.18
ETH,2020-09-04,385.94,382.509488,400.46,360.423842
ETH,2020-09-05,334.93695,385.94,394.444572,310.93394
ETH,2020-09-06,352.550225,334.936951,359.913927,316.72
ETH,2020-09-07,353.39,352.546833,358.270312,323.47
ETH,2020-09-08,337.25,353.39,356.4,325.64
ETH,2020-09-09,351.134515,337.25,359.018203,331.08
ETH,2020-09-10,367.929712,351.137046,377.44,350.699801
ETH,2020-09-11,373.92483,367.929841,375.15,355.87
ETH,2020-09-12,387.81464,373.91647,388,365.326273
ETH,2020-09-13,366.41,387.814666,389.98,353.86
ETH,2020-09-14,377.14,366.41,384.275847,356.19
ETH,2020-09-15,364.124885,377.14,382.35,362.627486
ETH,2020-09-16,365.030089,364.124902,373.37,355.21
ETH,2020-09-17,389.392518,365.029732,394.09276,363.44
ETH,2020-09-18,384.503876,389.39253,392.403105,375.832026
ETH,2020-09-19,385.227864,384.509584,388.27,377.4
ETH,2020-09-20,370.762762,385.227864,385.227864,365.13
ETH,2020-09-21,340.167811,370.782143,376.42,331.13
ETH,2020-09-22,344.119591,340.120337,346.427457,335.82
ETH,2020-09-23,320.12,344.119695,344.47,313.73
ETH,2020-09-24,348.987278,320.12,353.14,317
ETH,2020-09-25,351.677235,348.998038,357.96,337.89
ETH,2020-09-26,354.09527,351.677299,356.14,346.31
ETH,2020-09-27,357.387367,354.094998,362,347.51
ETH,2020-09-28,353.898275,357.387372,368.04,352.06
ETH,2020-09-29,359.78,353.89829,360.366404,350.45294
ETH,2020-09-30,359.69,359.78,361.23,351.5
ETH,2020-10-01,352.95,359.69,369.619074,345.67
ETH,2020-10-02,345.689706,352.923192,353.95,334.6
ETH,2020-10-03,346.17,345.690047,351.03,344.03
ETH,2020-10-04,352.47,346.17,354.13,344.19
ETH,2020-10-05,353.659894,352.48,355.91,348.83
ETH,2020-10-06,340.64,353.659813,355.07,336.9
ETH,2020-10-07,341.753096,340.64,342.73,333.3
ETH,2020-10-08,351.05,341.749964,353.33,334.3
ETH,2020-10-09,365.560492,351.05,368.413126,347.747302
ETH,2020-10-10,370.861127,365.560298,378.3,365.383215
ETH,2020-10-11,374.470472,370.854264,377.25,369.4
ETH,2020-10-12,386.80744,374.470461,395.080321,365.77
ETH,2020-10-13,381.37,386.807439,387.66,374.84
ETH,2020-10-14,379.265079,381.37,387.59,373.58
ETH,2020-10-15,377.79,379.265137,381.85,370.3
ETH,2020-10-16,365.555496,377.79,379.84,361.67
ETH,2020-10-17,368.50092,365.555475,370.39,363.7
ETH,2020-10-18,378.4,368.500986,378.47,367.754406
ETH,2020-10-19,379.423576,378.4,384.550244,373.11
ETH,2020-10-20,368.806953,379.4236,380.73,365.67
ETH,2020-10-21,391.59,368.806906,401.96,368.221948
ETH,2020-10-22,414.610432,391.59,421.3,391.59
ETH,2020-10-23,409.623832,414.610432,419.35,402.028227
ETH,2020-10-24,412.550303,409.62369,416.8935,407.916195
ETH,2020-10-25,406.28,412.548044,417.82,403.35
ETH,2020-10-26,393.48,406.28,411.341192,382.8
ETH,2020-10-27,403.91,393.48,410.48,390.54
ETH,2020-10-28,388.63,403.91,409.254012,381.078683
ETH,2020-10-29,387.38,388.63,394,380.97
ETH,2020-10-30,382.83,387.34,392.011341,373.98
ETH,2020-10-31,386.884038,382.83,393.76,380.96
ETH,2020-11-01,396.786256,386.872523,397.3,385.226395
ETH,2020-11-02,383.760728,396.786206,404.49,378.754331
ETH,2020-11-03,388.194363,383.760762,390.34,370.84497
ETH,2020-11-04,402.792662,388.194379,408.59,377.36
ETH,2020-11-05,417.115324,402.803755,420.944792,397.05
ETH,2020-11-06,456.453323,417.118892,458.547398,415.86
ETH,2020-11-07,435.744053,456.453204,468.83,425.41
ETH,2020-11-08,454.75368,435.74405,460.45,432.96
ETH,2020-11-09,444.579768,454.753689,459.34,434.64
ETH,2020-11-10,450.86877,444.579754,455,439.36
ETH,2020-11-11,464.00582,450.859234,476.649483,450.255163
ETH,2020-11-12,462.909532,464.005798,470.175924,452.7
ETH,2020-11-13,477.18,462.909471,478.213191,458.08
ETH,2020-11-14,461.98,477.18,477.807308,452.48
ETH,2020-11-15,448.559458,461.39,463.14,440.588635
ETH,2020-11-16,460.736646,448.55947,465.98,446.07
ETH,2020-11-17,482.78,460.736621,484.925642,460.4
ETH,2020-11-18,479.11,482.76876,495.4,458.560426
ETH,2020-11-19,471.9,479.11,480.87,465.41
ETH,2020-11-20,510.35,471.89,514.53,471.5
ETH,2020-11-21,552.756848,510.35,553.5,503.28
ETH,2020-11-22,561.119933,552.748525,581.57,512
ETH,2020-11-23,609.45,561.120439,611.29,551.11
ETH,2020-11-24,605.291722,609.35,623.22,590.153786
ETH,2020-11-25,569.64,605.287994,606.4,554.949244
ETH,2020-11-26,519.81,569.64,576.99,481.75
ETH,2020-11-27,518.65,520,530.820924,494.61
ETH,2020-11-28,538.168636,518.65,548.29277,507.15
ETH,2020-11-29,576.226767,538.173409,576.931347,531.17
ETH,2020-11-30,616.65,576.231591,616.67,571.44
ETH,2020-12-01,586.38,616.65,636.34,565.114747
ETH,2020-12-02,598.268126,586.38,604.76,575.86
ETH,2020-12-03,616.736201,598.2,623.81,586.72
ETH,2020-12-04,567.82,616.736199,620.56,566.3
ETH,2020-12-05,597.093296,567.79,597.69,561.55
ETH,2020-12-06,602.027552,597.093305,607.3,583.71
ETH,2020-12-07,591.498778,602.02759,602.98,584.81
ETH,2020-12-08,554.8,591.498778,595,549.01
ETH,2020-12-09,573.364749,554.8,577.77,530.742008
ETH,2020-12-10,558.58,573.364788,574.75,548.570262
ETH,2020-12-11,544.24,558.58,560.01,535.922
ETH,2020-12-12,568.317219,544.24,574.000154,544.128706
ETH,2020-12-13,590.392243,568.317167,594.78,564.255464
ETH,2020-12-14,586.237715,590.392239,591.297419,576.06
ETH,2020-12-15,589.212401,586.23832,596.61,579.44
ETH,2020-12-16,638.25725,589.212405,639.1,581.5
ETH,2020-12-17,643.81,638.264196,676.464141,627.492099
ETH,2020-12-18,654.994757,643.81,663.97,630
ETH,2020-12-19,659.3,654.994496,670.75644,646.85
ETH,2020-12-20,638.340136,659.3,660.911164,622.191144
ETH,2020-12-21,608.2,638.343957,648.007689,597
ETH,2020-12-22,637.46,608.07,637.655636,588.03
ETH,2020-12-23,585.5,637.46,638.34,552.02
ETH,2020-12-24,612.215631,585.472381,614.77,566.3
ETH,2020-12-25,626.61,612.216659,633.25,604.39
ETH,2020-12-26,636.214774,626.61,651.897698,615.69
ETH,2020-12-27,683.03,636.214699,714.57,625.77
ETH,2020-12-28,729.660437,683.03,746.71,681.11
ETH,2020-12-29,731.84,729.670154,738.910465,689
ETH,2020-12-30,752.41,731.84,758,717
ETH,2020-12-31,737.462543,752.41,755.439089,724
ETH,2021-01-01,730.921125,737.47511,749.93,717.55
ETH,2021-01-02,775.177363,730.92127,788.759191,717.5
ETH,2021-01-03,979.62,775.177187,1011.095521,770.38
ETH,2021-01-04,1042.95,979.33,1165.59,888.700518
ETH,2021-01-05,1102.88,1042.95,1134,975.57
ETH,2021-01-06,1211.73,1102.97,1215,1060.19
ETH,2021-01-07,1226.32981,1211.85,1289.938777,1148.497933
ETH,2021-01-08,1217.84,1226.311882,1274.100511,1068.330472
ETH,2021-01-09,1280.604644,1217.84,1307.984058,1175.32
ETH,2021-01-10,1256,1280.694377,1350.26845,1160.400709
ETH,2021-01-11,1089.15,1256,1258.14,912.679498
ETH,2021-01-12,1049.538218,1088.94,1149.98,1007.69
ETH,2021-01-13,1130.87,1049.554458,1136.828759,987.49
ETH,2021-01-14,1233.01,1130.8,1246.12,1087.24
ETH,2021-01-15,1170.894946,1233.01,1254.87,1069.526931
ETH,2021-01-16,1228.210265,1170.736252,1291.99,1153.18
ETH,2021-01-17,1232.766069,1228.17348,1268.359734,1166.29
ETH,2021-01-18,1258.356716,1232.898013,1260.449361,1184.21
ETH,2021-01-19,1369.205447,1258.357009,1439,1253.12
ETH,2021-01-20,1377.837144,1369.158051,1406.99,1236.07
ETH,2021-01-21,1110.81153,1377.809009,1389.39,1084.41
ETH,2021-01-22,1235.16,1110.817923,1275.046185,1041.925414
ETH,2021-01-23,1233.89,1235.16,1272,1198.280186
ETH,2021-01-24,1392.275264,1233.89,1400.230269,1222.14
ETH,2021-01-25,1318.687183,1392.417488,1474.69,1294.64
ETH,2021-01-26,1368.15,1318.685947,1377.99,1246.29
ETH,2021-01-27,1242.61,1368.15,1374.56,1207.5
ETH,2021-01-28,1332.155153,1240.77,1362.25,1220.29
ETH,2021-01-29,1379.35,1332.259399,1440.958055,1289
ETH,2021-01-30,1377.68,1379.797095,1406.254227,1327.78267
ETH,2021-01-31,1314.293247,1377.68,1380.90039,1283.01
ETH,2021-02-01,1374.268168,1314.30166,1377.6,1272.677322
ETH,2021-02-02,1513,1374.264121,1548.94,1362.701182
ETH,2021-02-03,1668.85,1513,1671.807347,1510.08
ETH,2021-02-04,1598.030491,1668.72,1698,1558.05
ETH,2021-02-05,1722.02,1598.030592,1762.92,1593.21
ETH,2021-02-06,1679.433253,1722.02,1744.306906,1648.5
ETH,2021-02-07,1616.053327,1679.514751,1694.187381,1494.32
ETH,2021-02-08,1752.472018,1616.055175,1778.197046,1566.65
ETH,2021-02-09,1772.404474,1752.47589,1823.64,1711.212111
ETH,2021-02-10,1743.42,1772.390383,1838.583417,1681.01
ETH,2021-02-11,1787.850354,1743.48,1817.99,1706.359584
ETH,2021-02-12,1845.672017,1787.852971,1867.39,1741.7
ETH,2021-02-13,1817.859145,1845.540052,1874.847704,1767.390744
ETH,2021-02-14,1803.889943,1817.863544,1851.684991,1786.71
ETH,2021-02-15,1780.19,1803.896405,1835.722054,1663.343469
ETH,2021-02-16,1781.927265,1780.18945,1825.175167,1725.58
ETH,2021-02-17,1850.95,1781.939966,1856.662493,1734.510463
ETH,2021-02-18,1938.235788,1850.95,1950.206091,1850.714418
ETH,2021-02-19,1958.134887,1938.24877,1974.910611,1891.647815
ETH,2021-02-20,1916.4,1958.135167,2038.84,1814.126851
ETH,2021-02-21,1935.57,1916.4,1975.994731,1887.635543
ETH,2021-02-22,1778.714506,1935.57,1937.511155,1531.004792
ETH,2021-02-23,1578.235653,1778.62638,1780.749528,1360.062332
ETH,2021-02-24,1625.83,1578.191234,1714,1502.07
ETH,2021-02-25,1479.54,1625.83,1671.72,1458.85
ETH,2021-02-26,1445.410541,1479.54,1563.16,1401.01
ETH,2021-02-27,1459.294856,1445.409457,1526.82,1427.7
ETH,2021-02-28,1421.77,1459.294873,1468.766347,1294.896651
ETH,2021-03-01,1571.47,1421.77,1573.174167,1414.01
ETH,2021-03-02,1489.22,1571.82,1604.56,1457.26
ETH,2021-03-03,1569.23,1489.22,1656.3,1478.61
ETH,2021-03-04,1538.857829,1569.23,1624.67,1505.971396
ETH,2021-03-05,1531.904931,1538.857991,1548.97,1443.86
ETH,2021-03-06,1651.716508,1531.563281,1670.91,1514.16
ETH,2021-03-07,1727.49,1651.671991,1734.127443,1631.96
ETH,2021-03-08,1833.73,1727.667058,1841.83,1667.041907
ETH,2021-03-09,1872.17,1833.68,1872.17,1800.19
ETH,2021-03-10,1795.79,1871.99,1878.91,1758.981084
ETH,2021-03-11,1826.07,1796.207484,1846.895607,1725
ETH,2021-03-12,1767.375953,1826.07,1840.764055,1722.95
ETH,2021-03-13,1922.148797,1767.373651,1942.70183,1728.3
ETH,2021-03-14,1848.91,1922.131897,1931.210068,1838.25
ETH,2021-03-15,1793.21,1848.91,1890,1735.87
ETH,2021-03-16,1806.037214,1793.21,1818.357346,1713
ETH,2021-03-17,1823.992556,1806.039328,1839.3,1743.35
ETH,2021-03-18,1776.329135,1823.985029,1849.015159,1760
ETH,2021-03-19,1809.38,1776.331961,1840.102701,1734.939859
ETH,2021-03-20,1804.251681,1809.38,1868.236041,1801.468741
ETH,2021-03-21,1784.580776,1804.229505,1816.48,1748.25
ETH,2021-03-22,1682.397302,1784.574599,1806.38,1657.26
ETH,2021-03-23,1669.126114,1682.192286,1721.156181,1653.001231
ETH,2021-03-24,1582.818756,1669.085682,1739.68438,1546.5
ETH,2021-03-25,1587.26,1582.826947,1621.560978,1550
ETH,2021-03-26,1700.056945,1587.08,1700.133575,1587
ETH,2021-03-27,1713.851565,1700.056956,1731.7,1667.510862
ETH,2021-03-28,1686.380765,1713.845084,1724.63,1662.217506
ETH,2021-03-29,1816.264098,1686.381166,1840.93,1677
ETH,2021-03-30,1841.378033,1816.264037,1859.077596,1787
ETH,2021-03-31,1917.91,1841.358907,1947.132361,1773.33
ETH,2021-04-01,1967.99637,1917.91,1982,1886.76
ETH,2021-04-02,2134.751504,1968.024158,2143.99,1950.539
ETH,2021-04-03,2010.039507,2134.68,2138.182887,2003.29
ETH,2021-04-04,2076.6,2010.039513,2091.639968,1981.16
ETH,2021-04-05,2107.219015,2076.6,2129.47,2003.6
ETH,2021-04-06,2112.69,2107.22675,2150.537332,2046.47
ETH,2021-04-07,1962.138016,2113,2128.078745,1930.56
ETH,2021-04-08,2081,1962.037361,2084.29,1950.22
ETH,2021-04-09,2066.931345,2081,2100,2050.17
ETH,2021-04-10,2134.029595,2066.897851,2194.76,2057.71
ETH,2021-04-11,2149.998214,2134.034473,2163.18,2113.48
ETH,2021-04-12,2138.001412,2149.973806,2199.195598,2103.23
ETH,2021-04-13,2300.02,2138.001418,2316.680021,2136.35
ETH,2021-04-14,2432.04,2300.02,2445.58303,2283.27
ETH,2021-04-15,2517.423101,2432.057503,2545.520911,2401.26
ETH,2021-04-16,2426.65,2517.40904,2548,2306.921872
ETH,2021-04-17,2319.11,2426.64,2496.82,2316.97
ETH,2021-04-18,2242.125713,2318.67,2340.021054,1963.133666
ETH,2021-04-19,2164.39,2242.125056,2281.364726,2080.7
ETH,2021-04-20,2333.707955,2164.39,2348.240911,2056.06
ETH,2021-04-21,2358.13,2333.635226,2468.644197,2239.165146
ETH,2021-04-22,2401.46,2358.13,2644.41,2309.11
ETH,2021-04-23,2369.08,2401.22,2441.74,2109.64
ETH,2021-04-24,2217.33,2369.08,2369.993098,2160.01
ETH,2021-04-25,2321.78,2217.33,2356.426225,2166.22
ETH,2021-04-26,2534.859307,2321.78,2542,2307.63
ETH,2021-04-27,2667.86,2534.805559,2680.311853,2485.18
ETH,2021-04-28,2750.831686,2667.86,2761.74,2561.915
ETH,2021-04-29,2758.703545,2750.889357,2799.993191,2672.22
ETH,2021-04-30,2776.726975,2758.693697,2799.146087,2728.22835
ETH,2021-05-01,2948.688232,2776.72549,2954.621995,2758.459388
ETH,2021-05-02,2952.322791,2948.68473,2985.69,2858
ETH,2021-05-03,3432.980607,2952.293,3456.18,2952.293
ETH,2021-05-04,3242.02,3432.867902,3529.974888,3175
ETH,2021-05-05,3529.002196,3242.02,3548.348742,3212
ETH,2021-05-06,3491.804648,3528.955137,3608.57,3382.64
ETH,2021-05-07,3484.7,3491.827995,3592.939398,3359
ETH,2021-05-08,3914.12,3484.7,3959.494895,3455.44
ETH,2021-05-09,3928.207477,3914.12,3982.115005,3732.84
ETH,2021-05-10,3950.254169,3928.316346,4210.110317,3667.78
ETH,2021-05-11,4177.778155,3950.112726,4182.474174,3778.891395
ETH,2021-05-12,3823.593944,4177.764685,4379.105321,3748.278118
ETH,2021-05-13,3720.21,3824.054959,4039.113811,3547.415616
ETH,2021-05-14,4080.902547,3720.057588,4177.03,3695.14
ETH,2021-05-15,3645.93,4080.786092,4133.278052,3635.73
ETH,2021-05-16,3585.36,3645.93,3878.22,3349.76858
ETH,2021-05-17,3281.771124,3585.367391,3587.14,3120.78244
ETH,2021-05-18,3378.807527,3281.766522,3565.22,3243.71
ETH,2021-05-19,2443.479552,3378.756365,3440.27,1887.371209
ETH,2021-05-20,2774.561847,2443.229665,2997.627586,2162.36
ETH,2021-05-21,2436.184614,2774.653013,2942.62,2106.505473
ETH,2021-05-22,2294.217147,2435.993995,2485.13,2157.8
ETH,2021-05-23,2100.07,2296.31,2380.433085,1732.01
ETH,2021-05-24,2649.28,2099.58,2675,2086.26
ETH,2021-05-25,2706.23105,2649.28,2752.9,2388.82
ETH,2021-05-26,2888.927087,2706.241953,2911.684806,2647.53
ETH,2021-05-27,2739.88267,2888.94224,2890.78,2642.97
ETH,2021-05-28,2413.17,2740.083665,2761.61,2329.58
ETH,2021-05-29,2279.452919,2413.842371,2574.63,2209.847153
ETH,2021-05-30,2389.388445,2279.504424,2477.15,2184.69
ETH,2021-05-31,2708.645,2389.388278,2719.43,2277.982981
ETH,2021-06-01,2634.3,2708.645,2740.249903,2530
ETH,2021-06-02,2707.484447,2634.3,2800.756956,2553.53
ETH,2021-06-03,2854.24,2707.399419,2888.906964,2663.88
ETH,2021-06-04,2690.979532,2854.300986,2858.591773,2555.01
ETH,2021-06-05,2629.871406,2690.912333,2816.92,2556.053667
ETH,2021-06-06,2711.618751,2629.80805,2745.25,2616.495416
ETH,2021-06-07,2593.04,2711.598959,2848,2575.69
ETH,2021-06-08,2509.265787,2592.47,2619.89,2310.2
ETH,2021-06-09,2610.387004,2509.137286,2626.28,2409.03
ETH,2021-06-10,2470.631594,2610.387499,2623.85,2429.67
ETH,2021-06-11,2353.570004,2470.687801,2496.04,2323.03
ETH,2021-06-12,2368.610336,2353.683058,2450,2260.48
ETH,2021-06-13,2509.625354,2368.612164,2548.75338,2311
ETH,2021-06-14,2582.57,2509.706364,2608.56,2462.65
ETH,2021-06-15,2543.836457,2582.57,2639.23,2510.18
ETH,2021-06-16,2367.462116,2543.88012,2553.36,2352.28
ETH,2021-06-17,2371.13,2367.478133,2457.733127,2306.87
ETH,2021-06-18,2230.63177,2371.13,2376.54,2138.830605
ETH,2021-06-19,2167.49,2230.917556,2276.89,2163.57
ETH,2021-06-20,2242.894526,2166.27,2275.63,2044.32
ETH,2021-06-21,1887.63,2242.902121,2257.805657,1865.315
ETH,2021-06-22,1879.93,1887.63,1996.58,1701.1
ETH,2021-06-23,1968.08559,1879.93,2044.37,1824.7
ETH,2021-06-24,1988.13653,1968.13622,2035,1886.412656
ETH,2021-06-25,1811.60242,1988.125436,2019.18,1793.481622
ETH,2021-06-26,1830.317767,1811.605613,1850.79,1718.19
ETH,2021-06-27,1981.400593,1830.315725,1983.14,1809.05
ETH,2021-06-28,2082.46,1981.399664,2143.31,1963.15
ETH,2021-06-29,2162.5,2082.46,2244,2076.29
ETH,2021-06-30,2276.34,2162.5,2286.45,2089.52
ETH,2021-07-01,2110,2276.34,2276.813,2075.71
ETH,2021-07-02,2155.818992,2109.323,2158.98,2018.8
ETH,2021-07-03,2227.453884,2155.817738,2238.908,2114.337577
ETH,2021-07-04,2323.716179,2227.450816,2386.39,2191.11
ETH,2021-07-05,2197.916113,2323.716573,2323.716573,2160.662
ETH,2021-07-06,2323.029048,2197.83175,2349,2195.95
ETH,2021-07-07,2316.379382,2322.987536,2408.39,2296.08
ETH,2021-07-08,2116.62,2316.346126,2323.478022,2086.85
ETH,2021-07-09,2147.041684,2116.96,2185.894635,2050
ETH,2021-07-10,2110.442837,2147.041304,2191.568222,2076.2
ETH,2021-07-11,2139.817301,2110.42747,2171.85,2081.9
ETH,2021-07-12,2034.88,2139.818144,2167.906684,2008.07
ETH,2021-07-13,1940.247498,2034.88,2045.14,1918.08
ETH,2021-07-14,1994.016592,1940.278336,2018.42,1866
ETH,2021-07-15,1917.154836,1994.023707,2039.24,1881.01
ETH,2021-07-16,1876.99,1917.230703,1963.679699,1850.35
ETH,2021-07-17,1898.884652,1877.22,1917.46,1848.5
ETH,2021-07-18,1892.04,1898.92889,1992.73,1879.8
ETH,2021-07-19,1817.446698,1892.04,1917.58,1805.93
ETH,2021-07-20,1786.037489,1817.475277,1839.369179,1718.99
ETH,2021-07-21,1994.56,1785.99699,2029.9,1755.404
ETH,2021-07-22,2024.401783,1995,2044.6,1949.67
ETH,2021-07-23,2124.659601,2024.418331,2130.597102,1997.67
ETH,2021-07-24,2186.616205,2124.796581,2199.214014,2108.01
ETH,2021-07-25,2192.240132,2186.61433,2197,2108.99
ETH,2021-07-26,2229.46,2192.240091,2431.920552,2176.03
ETH,2021-07-27,2301.116092,2229.46,2318.331963,2153.82
ETH,2021-07-28,2300.1,2301.100566,2345.003723,2246.48
ETH,2021-07-29,2382.056894,2299.554696,2399.99,2268.1
ETH,2021-07-30,2464.18,2382.056305,2470.12,2318.16
ETH,2021-07-31,2529.571589,2463.945626,2553.409205,2422.78
ETH,2021-08-01,2557.45,2529.576816,2698.47,2515.898
ETH,2021-08-02,2608.836026,2557.45,2664.74,2511
ETH,2021-08-03,2507.34,2608.836322,2630.002228,2447.65
ETH,2021-08-04,2725.315015,2507.34,2769.92,2460.1622
ETH,2021-08-05,2829.234176,2725.333549,2843.723336,2533.28
ETH,2021-08-06,2892.075583,2829.233674,2948.981477,2722.36
ETH,2021-08-07,3162.77424,2892.160784,3172.38,2868.4
ETH,2021-08-08,3014.952682,3162.825369,3189.97,2950.2
ETH,2021-08-09,3165.986763,3014.758797,3188.187375,2895.92
ETH,2021-08-10,3141.965668,3165.827231,3233.82,3053
ETH,2021-08-11,3164.5,3141.991051,3275,3123.08
ETH,2021-08-12,3045.779164,3164.5,3238.9,2982.272785
ETH,2021-08-13,3324.419302,3045.706386,3328,3036.880487
ETH,2021-08-14,3266.994338,3324.419351,3332.51,3209.07
ETH,2021-08-15,3311.56,3266.966704,3322.52,3116.04
ETH,2021-08-16,3147.34,3311.56,3336.837596,3137.01
ETH,2021-08-17,3012.03,3147.34,3291.375915,2995
ETH,2021-08-18,3014.36,3011.95,3125.594514,2952.91
ETH,2021-08-19,3185.183344,3014.38,3187.48,2961.457421
ETH,2021-08-20,3286.047004,3185.166579,3301.022087,3180.36
ETH,2021-08-21,3226.933456,3286.073802,3310,3210.21
ETH,2021-08-22,3242.507272,3226.96253,3274.71,3131
ETH,2021-08-23,3320.619191,3242.506736,3378.6,3235.360736
ETH,2021-08-24,3173.689343,3320.622527,3359.52,3149.447141
ETH,2021-08-25,3228.51,3173.689346,3248.99,3080.885
ETH,2021-08-26,3093.18,3228.51,3250.55,3056.25
ETH,2021-08-27,3275.659008,3093.181822,3282.110881,3063.665668
ETH,2021-08-28,3246.672557,3275.716682,3286.163547,3214.413784
ETH,2021-08-29,3225.66087,3246.724602,3286.51,3155.03
ETH,2021-08-30,3226.619071,3225.663751,3348.3,3147.01
ETH,2021-08-31,3432.335123,3226.62498,3473.56,3190.95
ETH,2021-09-01,3830.81,3432.223577,3841.69,3385.18
ETH,2021-09-02,3788.18,3831.7,3836.85,3725.36
ETH,2021-09-03,3938.382738,3788.47,4026.927441,3713
ETH,2021-09-04,3887.069324,3938.630968,3970,3836.16
ETH,2021-09-05,3952.490251,3887.153274,3982.775603,3836.77
ETH,2021-09-06,3928.89,3952.489786,3969.9,3868.8
ETH,2021-09-07,3429.61,3928.89,3947.218987,3027.28699
ETH,2021-09-08,3498.754733,3429.61,3560.19,3218.21
ETH,2021-09-09,3423.718544,3498.763999,3567.37,3395.435
ETH,2021-09-10,3207.878737,3423.82,3511.90203,3150
ETH,2021-09-11,3265.25269,3208.129265,3346.58,3203.1
ETH,2021-09-12,3407.466508,3265.256648,3471.24,3233.384979
ETH,2021-09-13,3285.430452,3407.466542,3429.13,3116.81
ETH,2021-09-14,3435.948,3285.460319,3436.19,3271.91
ETH,2021-09-15,3614.81,3435.07,3616.19,3362.44
ETH,2021-09-16,3569.252747,3614.81,3674,3486.27
ETH,2021-09-17,3398.404346,3569.250804,3592,3351.685148
ETH,2021-09-18,3436.497704,3398.435371,3541.53,3370.19
ETH,2021-09-19,3328.583989,3436.466743,3455.337,3280.36
ETH,2021-09-20,2975.29,3328.606521,3345.44,2922.19
ETH,2021-09-21,2763.54,2976.48,3102.54136,2653.68
ETH,2021-09-22,3077.493825,2764.81,3090,2738.997
ETH,2021-09-23,3154.798068,3077.729567,3174.045544,3038.21
ETH,2021-09-24,2930.156891,3154.803412,3159.538956,2738.4
ETH,2021-09-25,2924.454127,2930.029719,2967.34,2806.55
ETH,2021-09-26,3063.54168,2924.391966,3116.07,2742.45
ETH,2021-09-27,2927.360146,3063.504855,3165.835687,2925.29
ETH,2021-09-28,2806.657645,2927.367286,2968.739362,2791.12
ETH,2021-09-29,2851.08,2806.67013,2948.52,2784.254
ETH,2021-09-30,3000.59,2851.270351,3047.5,2838.1
ETH,2021-10-01,3309.63234,3000.59,3331.859253,2970.01
ETH,2021-10-02,3390.487447,3309.571077,3466.95,3260.938591
ETH,2021-10-03,3419.164706,3390.48027,3487.93,3345.38
ETH,2021-10-04,3384.407481,3419.352298,3437.06,3275.13
ETH,2021-10-05,3517.6,3384.637572,3544.68,3366.396183
ETH,2021-10-06,3577.177283,3517.6,3628.01,3346.52
ETH,2021-10-07,3587.33,3577.00221,3652.528613,3472.09
ETH,2021-10-08,3561.00529,3587.391111,3669.16,3536.51
ETH,2021-10-09,3574.445588,3561.165985,3633.09,3540.37
ETH,2021-10-10,3418.523212,3574.639893,3603.9,3411.65
ETH,2021-10-11,3544.421665,3417.820515,3620.837032,3375
ETH,2021-10-12,3489.482903,3543.94,3548.99,3405.03
ETH,2021-10-13,3607.282523,3489.595217,3612.19,3413.25
ETH,2021-10-14,3790.53,3607.285057,3823.19117,3589.636584
ETH,2021-10-15,3868.667071,3790.53,3900,3735.61
ETH,2021-10-16,3826.444975,3868.72194,3967.61,3804.378228
ETH,2021-10-17,3846.354,3826.899284,3917.92,3650.39661
ETH,2021-10-18,3746.726466,3846.728068,3893.93,3679.21
ETH,2021-10-19,3877.314512,3746.608168,3885.615909,3734.143455
ETH,2021-10-20,4161.051621,3877.286933,4168.305482,3830.79
ETH,2021-10-21,4055.82,4161.389082,4369.694976,4017.05
ETH,2021-10-22,3971.040545,4055.596011,4167.765752,3890.81
ETH,2021-10-23,4169.584459,3971.053069,4169.893503,3939.14
ETH,2021-10-24,4082.892352,4169.472756,4184.15,3965
ETH,2021-10-25,4219.380491,4082.64,4235.416274,4070.675337
ETH,2021-10-26,4129.914407,4219.469519,4293.79,4092.51
ETH,2021-10-27,3925.44,4130.017008,4304.54,3917.05
ETH,2021-10-28,4288.807153,3923.94,4293.83,3893.87
ETH,2021-10-29,4416.417582,4288.832825,4458.273086,4269.44
ETH,2021-10-30,4322.477426,4416.603,4433.15,4241.33
ETH,2021-10-31,4290.566044,4322.576668,4395.556996,4170
ETH,2021-11-01,4323.776772,4290.551815,4381.24286,4153.46
ETH,2021-11-02,4590.700338,4323.665085,4603.101291,4289.46
ETH,2021-11-03,4605.50274,4590.653299,4668.68698,4457.81
ETH,2021-11-04,4537.818768,4605.483633,4608.669912,4423.94
ETH,2021-11-05,4480.383466,4537.686984,4573.62,4447.244884
ETH,2021-11-06,4522.184223,4480.370788,4531.327697,4332.962944
ETH,2021-11-07,4617.467489,4522.229977,4638.18,4508.49
ETH,2021-11-08,4811.695528,4617.419593,4823.951188,4617.419593
ETH,2021-11-09,4732.4796,4811.697594,4839.92494,4715.390084
ETH,2021-11-10,4635.94,4732.302254,4865.572397,4477.91
ETH,2021-11-11,4723.59,4634.94,4780.89791,4580.787585
ETH,2021-11-12,4669.136335,4723.51,4807.30043,4511.22
ETH,2021-11-13,4646.859294,4669.085105,4706.016808,4588.03862
ETH,2021-11-14,4627.061081,4646.861487,4692.59,4518.323902
ETH,2021-11-15,4564.442999,4627.065547,4769.194922,4544.026566
ETH,2021-11-16,4210.93672,4564.430234,4564.435891,4111.09
ETH,2021-11-17,4290.550888,4210.769847,4298.21,4069.68
ETH,2021-11-18,3999.76,4290.344927,4344.236693,3960.62
ETH,2021-11-19,4299.867081,3999.76,4311,3978.41
ETH,2021-11-20,4415.10931,4299.835467,4437.6191,4208.58
ETH,2021-11-21,4265.94,4415.269376,4425.48,4250
ETH,2021-11-22,4090.782006,4265.94,4316.89,4026.02
ETH,2021-11-23,4342.53,4090.449175,4388.37277,4063.75
ETH,2021-11-24,4274.311115,4342.501761,4371.470762,4170.08
ETH,2021-11-25,4524.62,4274.058592,4553.937672,4251.89
ETH,2021-11-26,4038.98,4525.47,4553.28,3920.31
ETH,2021-11-27,4100.2039,4043.06,4184.99,4032.913263
ETH,2021-11-28,4297.72,4100.107606,4300.041397,3971.18
ETH,2021-11-29,4447.9537,4297.72,4460.429442,4284.68
ETH,2021-11-30,4628.89,4447.985166,4754.756885,4353.12
ETH,2021-12-01,4587.185504,4629.312,4782.4,4528.19
ETH,2021-12-02,4515.867117,4587.138158,4636.55,4437.41
ETH,2021-12-03,4222.8,4515.57648,4658.81,4047.655459
ETH,2021-12-04,4126.1,4221.726028,4238.018938,3512.680898
ETH,2021-12-05,4201.512738,4126.1,4254.506056,4038.29
ETH,2021-12-06,4359.945223,4201.538415,4379.425,3924.76
ETH,2021-12-07,4310.180119,4357.06,4429.8,4262.48
ETH,2021-12-08,4440.333251,4310.249177,4455,4230.5
ETH,2021-12-09,4106.33,4440.304082,4490.71,4077.03
ETH,2021-12-10,3901.851456,4106.45,4228.93,3891.68
ETH,2021-12-11,4082.9,3901.765795,4097.91,3837.2
ETH,2021-12-12,4135.093812,4088.8,4175.328844,3990.01
ETH,2021-12-13,3784.281592,4134.991623,4142.700985,3672.66
ETH,2021-12-14,3861.96,3784.171155,3881.71,3689
ETH,2021-12-15,4020.425988,3861.675634,4093.84,3648.976058
ETH,2021-12-16,3957.042448,4020.46459,4113.9,3956.176
ETH,2021-12-17,3877.5,3957.042787,3993.96,3700.05
